物品ID,中文名字,备注名,"类型：无0， 方块1， 杂物2，工具3,  一组物品4,怪物5，",分组(1作物2工具3杂物4方块),排序,描述,图标,图标特效,放置的声音,挥舞用的图片,挥舞的大小,挥舞周期（毫秒）,最大堆叠数目,是否可以右键使用,操作范围(1/100方块）,归属物品组,使用的脚本,附魔标记（1放上面 2放下面 3前两者都可以 0前两者都不可以）,材料级别（0木1皮2石3链4铁5金6钻）,附魔后道具ID,图标缺失,功能问题
ID,Name,,Type,CreateType,SortId,Desc,Icon,,PlaceSound,WieldImage,WieldScale,WieldPeriod,StackMax,Usable,Range,ItemGroup,UseScript,EnchantTag,StuffType,EnchantAfterID,,
0,空气,空气,1,0,,你看不见我,,,,,,200,64,0,5,,,,,,,
1,基岩,基岩,1,4,,位于地床附近，非常坚硬，无法被开采,,,dig.stone,,,200,64,0,5,,,,,,,
2,命令方块,命令方块,1,0,,神奇方块，威力不明,,,,,,200,64,0,5,,,,,,,
3,静态水,静态水,1,0,,静止的水方块,,,,,,200,64,0,5,,,,,,,
4,水,水,1,0,,可流动的水,,,,,,200,64,0,5,,,,,,,
5,静态岩浆,静态岩浆,1,0,,静止的岩浆方块，小心这很烫,,,,,,200,64,0,5,,,,,,,
6,岩浆,岩浆,1,0,,可流动的岩浆方块，小心这很烫，会受伤,,,,,,200,64,0,5,,,,,,,
7,传送门特效,传送门特效,1,0,,似乎是个魔法方块,,,,,,200,64,0,5,,,,,,,
8,末世传送门框架,末世传送门框架,1,4,,进入末世之地的框架方块,,,,,,200,64,0,5,,,,,,,
9,末世传送门特效,末世传送门特效,1,0,,似乎是个魔法方块,,,,,,200,64,0,5,,,,,,,
100,草块,草块,1,4,,可种植树木花朵和小麦，羊很喜欢,,,,,,200,64,0,5,,,,,,,
101,泥土,泥土,1,4,,可种植树木花朵和小麦,,,,,,200,64,0,5,,,,,,,
102,耕地,耕地,1,0,,可以播下各类种子，需要旁边有水的滋润,,,,,,200,64,0,5,,,,,,,
104,石头,石头,1,4,,随处可见的石块,,,,,,200,64,0,5,,,,,,,
105,苔石,苔石,1,4,,长满苔藓的石块,,,,,,200,64,0,5,,,,,,,
106,沙子,沙子,1,4,,仙人掌很喜欢,,,,,,200,64,0,5,105,,,,,,
107,沙砾,沙砾,1,4,,可能含有燧石,,,,,,200,64,0,5,,,,,,,
108,沙石,沙石,1,4,,可用沙子合成,,,,,,200,64,0,5,107,,,,,,
109,砂土,砂土,1,4,,似乎不会长草,,,,,,200,64,0,5,,,,,,,
112,黑曜石,黑曜石,1,4,,坚硬的石头，似乎只能用高级的工具开采,,,,,,200,64,0,5,,,,,,,
113,浮冰,浮冰,1,4,,水上的浮冰，会融化吗？,,,,,,200,64,0,5,,,,,,,
114,粘土块,粘土块,1,4,,由粘土合成,,,,,,200,64,0,5,,,,,,,
115,雪地1,雪地1,1,4,,想要雪球吗,,,,,,200,64,0,5,,Snow_OnUse,,,,,
122,雪块,雪块,1,4,,想一起堆个雪人,,,,,,200,64,0,5,,,,,,,
123,冰,冰,1,4,,寒冷的冰块，会融化吗？,,,,,,200,64,0,5,,,,,,,
124,地狱岩,地狱岩,1,4,,地狱常见的方块,,,,,,200,64,0,5,,,,,,,
125,灵魂沙,灵魂沙,1,4,,散发着灵魂气息的沙子,,,,,,200,64,0,5,,,,,,,
126,末地石,末地石,1,4,,未知之地的石头，传说有魔法,,,,,,200,64,0,5,,,,,,,
127,海绵,海绵,1,4,,海绵宝宝方块,,,,,,200,64,0,5,,,,,,,
128,红沙,红沙,1,0,,罕见的红色的沙子,,,,,,200,64,0,5,,,,,,,
200,橡木,橡木,1,4,,可以制作木板或烧成木炭,,,,,,200,64,0,5,200,,,,,,
201,云杉木,云杉木,1,4,,可以制作木板或烧成木炭,,,,,,200,64,0,5,200,,,,,,
202,桦木,桦木,1,4,,可以制作木板或烧成木炭,,,,,,200,64,0,5,200,,,,,,
203,丛林木,丛林木,1,4,,可以制作木板或烧成木炭,,,,,,200,64,0,5,200,,,,,,
204,合欢木,合欢木,1,4,,可以制作木板或烧成木炭,,,,,,200,64,0,5,200,,,,,,
205,黑栎木,黑栎木,1,4,,可以制作木板或烧成木炭,,,,,,200,64,0,5,200,,,,,,
206,橡木板,橡木板,1,4,,用木板可以合成制作成很多工具,,,,,,200,64,0,5,206,,,,,,
207,云杉木板,云杉木板,1,4,,用木板可以合成制作成很多工具,,,,,,200,64,0,5,206,,,,,,
208,桦木板,桦木板,1,4,,用木板可以合成制作成很多工具,,,,,,200,64,0,5,206,,,,,,
209,丛林木板,丛林木板,1,4,,用木板可以合成制作成很多工具,,,,,,200,64,0,5,206,,,,,,
210,合欢木板,合欢木板,1,4,,用木板可以合成制作成很多工具,,,,,,200,64,0,5,206,,,,,,
211,黑栎木板,黑栎木板,1,4,,用木板可以合成制作成很多工具,,,,,,200,64,0,5,206,,,,,,
212,橡木树苗,橡木树苗,1,1,,可以种植出橡木树,,,,,,200,64,0,5,212,,,,,,
213,云杉树苗,云杉树苗,1,1,,可以种植出云杉,,,,,,200,64,0,5,212,,,,,,
214,桦木树苗,桦木树苗,1,1,,可以种植出桦树,,,,,,200,64,0,5,212,,,,,,
215,丛林树苗,丛林树苗,1,1,,可以种植出丛林树,,,,,,200,64,0,5,212,,,,,,
216,合欢树苗,合欢树苗,1,1,,可以种植出合欢树,,,,,,200,64,0,5,212,,,,,,
217,黑栎树苗,黑栎树苗,1,1,,可以种植出黑栎树,,,,,,200,64,0,5,212,,,,,,
218,橡木树叶,橡木树叶,1,1,,普通树叶，透气性良好,,,,,,200,64,0,5,218,,,,,,
219,云杉树叶,云杉树叶,1,1,,普通树叶，透气性良好,,,,,,200,64,0,5,218,,,,,,
220,桦木树叶,桦木树叶,1,1,,普通树叶，透气性良好,,,,,,200,64,0,5,218,,,,,,
221,丛林树叶,丛林树叶,1,1,,普通树叶，透气性良好,,,,,,200,64,0,5,218,,,,,,
222,合欢树叶,合欢树叶,1,1,,普通树叶，透气性良好,,,,,,200,64,0,5,218,,,,,,
223,黑栎树叶,黑栎树叶,1,1,,普通树叶，透气性良好,,,,,,200,64,0,5,218,,,,,,
224,草丛,草丛,1,1,,随处可见的草丛，可能含有种子,,,,,,200,64,0,5,,,,,,,
225,枯死的灌木,枯死的灌木,1,1,,是一种装饰物？,,,,,,200,64,0,5,,,,,,,
226,棕色小蘑菇,棕色小蘑菇,1,1,,喜欢阴暗的地方，蘑菇煲的材料,,,,,,200,64,0,5,,,,,,,
227,红色小蘑菇,红色小蘑菇,1,1,,喜欢阴暗的地方，蘑菇煲的材料,,,,,,200,64,0,5,,,,,,,
228,甘蔗,甘蔗,1,1,,生长在水边，可以制作糖、纸等,reeds,,,,,200,64,0,5,,,,,,,
229,小麦,小麦,1,1,,可制作各种美味的食物,wheat,,,,,200,64,0,5,,,,,,,
230,南瓜,南瓜,1,1,,"可以制作南瓜灯，还可以戴在头上！
还可以吃，在6秒内恢复2.25颗生命心。",,,,,,200,64,0,5,,,,,,,
231,南瓜梗,南瓜梗,1,0,,南瓜的藤蔓，会长出南瓜,,,,,,200,64,0,5,,,,,,,
232,藤蔓,藤蔓,1,1,,可以攀爬,,,,,,200,64,0,5,,,,,,,
233,菌丝土,菌丝土,1,4,,蘑菇似乎会很喜欢,,,,,,200,64,0,5,,,,,,,
236,胡萝卜,胡萝卜,1,1,,"可以生吃，可以用，猪也很喜欢
食用后恢复1.5颗生命心。",carrot,,,,,200,64,0,5,,,,,,,
237,可可果,可可果,1,0,,丛林木上的果实。,dye_powder_brown,,,,,200,64,0,5,,,,,,,
238,蕨,蕨,1,1,,一种植物,,,,,,200,64,0,5,,,,,,,
239,西瓜,西瓜,1,1,,很好吃的西瓜,,,,,,200,64,0,5,,,,,,,
240,西瓜梗,西瓜梗,1,0,,西瓜的藤蔓，会长出西瓜,,,,,,200,64,0,5,,,,,,,
241,马铃薯,马铃薯,1,1,,食用后在6秒内恢复1.5颗生命心。,potato,,,,,200,64,0,5,,,,,,,
242,仙人掌,仙人掌,1,1,,小心刺！喜欢沙子,,,,,,200,64,0,5,,,,,,,
243,野草,野草,1,1,,随处可见的野草，可能含有种子,,,,,,200,64,0,5,,,,,,,
300,向日葵,向日葵,1,1,,制作黄色染料和附魔食物,,,,,,200,64,0,5,300,,,,,,
301,欧丁香,欧丁香,1,1,,制作品红色染料和附魔食物,,,,,,200,64,0,5,300,,,,,,
302,蓝牡丹,蓝牡丹,1,1,,制作淡蓝色染料和附魔食物,,,,,,200,64,0,5,300,,,,,,
303,山茶花,山茶花,1,1,,制作红色染料和附魔食物,,,,,,200,64,0,5,300,,,,,,
304,兰花,兰花,1,1,,制作淡蓝色染料和附魔食物,,,,,,200,64,0,5,300,,,,,,
305,凤仙花,凤仙花,1,1,,制作黄色染料和附魔食物,,,,,,200,64,0,5,300,,,,,,
306,情人草,情人草,1,1,,制作粉红色染料和附魔食物,,,,,,200,64,0,5,300,,,,,,
307,红色郁金香,红色郁金香,1,1,,制作红色染料和高级附魔食物,,,,,,200,64,0,5,300,,,,,,
308,橙色郁金香,橙色郁金香,1,1,,制作橙色染料和高级附魔食物,,,,,,200,64,0,5,300,,,,,,
309,灰色郁金香,灰色郁金香,1,1,,可以制作淡灰色染料,,,,,,200,64,0,5,300,,,,,,
310,粉色郁金香,粉色郁金香,1,1,,制作粉红色染料和高级附魔食物,,,,,,200,64,0,5,300,,,,,,
311,小白菊,小白菊,1,1,,制作淡灰色染料和附魔食物,,,,,,200,64,0,5,300,,,,,,
312,蒲公英,蒲公英,1,1,,制作蒲公英黄染料和附魔食物,,,,,,200,64,0,5,300,,,,,,
313,小玫瑰,小玫瑰,1,1,,制作红色染料和附魔食物,,,,,,200,64,0,5,300,,,,,,
400,金矿石,金矿石,1,4,,可以熔炼成金锭,,,,,,200,64,0,5,,,,,,,
401,铁矿石,铁矿石,1,4,,可以熔炼成铁锭,,,,,,200,64,0,5,,,,,,,
402,煤矿石,煤矿石,1,4,,常用燃料，可以制作火把,,,,,,200,64,0,5,,,,,,,
403,青金石矿石,青金石矿石,1,4,,可用于染色,,,,,,200,64,0,5,,,,,,,
404,钻石矿石,钻石矿石,1,4,,可以开采出钻石,,,,,,200,64,0,5,,,,,,,
405,橙石矿石,橙石矿石,1,4,,可以开采出橙石粉,,,,,,200,64,0,5,,,,,,,
406,绿宝石矿石,绿宝石矿石,1,4,,可以开采出绿宝石,,,,,,200,64,0,5,,,,,,,
407,石英矿,下界石英矿,1,4,,可以开采出石英,,,,,,200,64,0,5,,,,,,,
408,钻石块,钻石块,1,4,,闪闪发光的方块,,,,,,200,64,0,5,,,,,,,
409,绿宝石块,绿宝石块,1,4,,闪闪发光的方块,,,,,,200,64,0,5,,,,,,,
410,金块,金块,1,4,,金光闪闪的方块,,,,,,200,64,0,5,,,,,,,
411,铁块,铁块,1,4,,好多的铁,,,,,,200,64,0,5,,,,,,,
412,石英块,石英块,1,4,,好看的方块，有特殊的作用,,,,,,200,64,0,5,,,,,,,
413,錾制石英块,錾制石英块,1,4,,好看的花纹方块,,,,,,200,64,0,5,,,,,,,
414,竖纹石英块,竖纹石英块,1,4,,好看的花纹方块,,,,,,200,64,0,5,,,,,,,
415,橙石块,橙石块,1,2,3,充满能量的方块,,,,,,200,64,0,5,,,,,,,
416,煤炭块,煤炭块,1,4,,做为燃料，能熔炼燃烧很多东西。,,,,,,200,64,0,5,,,,,,,
417,青金石块,青金石块,1,4,,装饰性方块,,,,,,200,64,0,5,,,,,,,
500,火,火,1,0,,燃烧的火焰,,,,,,200,64,0,5,,,,,,,
501,石砖,石砖,1,4,,石头制作的砖块,,,,,,200,64,0,5,501,,,,,,
502,裂石砖,裂石砖,1,4,,特殊花纹的砖块,,,,,,200,64,0,5,501,,,,,,
503,苔石砖,苔石砖,1,4,,长满苔藓的砖块,,,,,,200,64,0,5,501,,,,,,
504,錾制石砖,錾制石砖,1,4,,特殊花纹的砖块,,,,,,200,64,0,5,501,,,,,,
505,石块,石块,1,4,,常见的石头,,,,,,200,64,0,5,,,,,,,
506,石台阶,石台阶,1,4,,石头制作的半格高台阶,,,,,,200,64,0,5,,StoneSlab_OnUse,,,,,
507,沙石台阶,沙石台阶,1,4,,沙石制作的半格高台阶,,,,,,200,64,0,5,,SandStoneSlab_OnUse,,,,,
509,圆石台阶,圆石台阶,1,4,,圆石制作的半格高台阶,,,,,,200,64,0,5,,,,,,,
510,砖台阶,砖台阶,1,4,,砖块制作的半格高台阶,,,,,,200,64,0,5,,,,,,,
511,石砖台阶,石砖台阶,1,4,,石砖制作的半格高台阶,,,,,,200,64,0,5,,,,,,,
512,地狱砖台阶,地狱台阶,1,4,,地狱砖块制作的半格高台阶,,,,,,200,64,0,5,,,,,,,
513,石英台阶,石英台阶,1,4,,石英制作的半格高台阶,,,,,,200,64,0,5,,,,,,,
514,橡木台阶,橡木台阶,1,4,,橡木制作的半格高台阶,,,,,,200,64,0,5,514,,,,,,
515,云杉台阶,云杉台阶,1,4,,云杉制作的半格高台阶,,,,,,200,64,0,5,514,,,,,,
516,桦木台阶,桦木台阶,1,4,,桦木制作的半格高台阶,,,,,,200,64,0,5,514,,,,,,
517,丛林台阶,丛林台阶,1,4,,丛林木制作的半格高台阶,,,,,,200,64,0,5,514,,,,,,
518,合欢台阶,合欢台阶,1,4,,合欢木制作的半格高台阶,,,,,,200,64,0,5,514,,,,,,
519,黑栎台阶,黑栎台阶,1,4,,黑栎木制作的半格高台阶,,,,,,200,64,0,5,514,,,,,,
520,橡木楼梯,橡木楼梯,1,4,,橡木制作的楼梯,,,,,,200,64,0,5,,,,,,,
521,云杉楼梯,云杉楼梯,1,4,,云杉制作的楼梯,,,,,,200,64,0,5,,,,,,,
522,桦木楼梯,桦木楼梯,1,4,,桦木制作的楼梯,,,,,,200,64,0,5,,,,,,,
523,丛林楼梯,丛林楼梯,1,4,,丛林木制作的楼梯,,,,,,200,64,0,5,,,,,,,
524,合欢楼梯,合欢楼梯,1,4,,合欢木制作的楼梯,,,,,,200,64,0,5,,,,,,,
525,黑栎楼梯,黑栎楼梯,1,4,,黑栎木制作的楼梯,,,,,,200,64,0,5,,,,,,,
526,铁栏杆,铁栏杆,1,3,,可以围成铁围栏,,,,,,200,64,0,5,,,,,,,
527,沙石楼梯,沙石楼梯,1,4,,沙石制作的楼梯,,,,,,200,64,0,5,,,,,,,
529,圆石楼梯,圆石楼梯,1,4,,圆石制作的楼梯,,,,,,200,64,0,5,,,,,,,
530,砖块楼梯,砖块楼梯,1,4,,砖块制作的楼梯,,,,,,200,64,0,5,,,,,,,
531,石砖楼梯,石砖楼梯,1,4,,丛林木制作的楼梯,,,,,,200,64,0,5,,,,,,,
532,地狱砖楼梯,地狱砖楼梯,1,4,,地狱砖制作的楼梯,,,,,,200,64,0,5,,,,,,,
533,石英楼梯,石英楼梯,1,4,,用石英块制作的楼梯,,,,,,200,64,0,5,,,,,,,
534,栅栏,栅栏,1,3,,无法跳跃穿过的木头围栏,,,,,,200,64,0,5,,,,,,,
535,栅栏门,栅栏门,1,3,,可以开关的栅拦门，可以接收橙石信号,,,,,,200,64,0,5,,,,,,,
536,萤石块,萤石块,1,4,,发光的方块，可以阻挡橙石信号,,,,,,200,64,0,5,,,,,,,
537,地狱砖块,地狱砖块,1,4,,由地狱砖合成,,,,,,200,64,0,5,,,,,,,
538,地狱砖栅栏,地狱砖栅栏,1,3,,由地狱砖块合成,,,,,,200,64,0,5,,,,,,,
540,平滑沙石,平滑沙石,1,4,,由沙石合成,,,,,,200,64,0,5,107,,,,,,
541,錾制沙石,錾制沙石,1,4,,由沙石台阶合成,,,,,,200,64,0,5,107,,,,,,
547,砖块,砖块,1,4,,由红砖合成,,,,,,200,64,0,5,,,,,,,
548,石头墙,石头墙,1,3,,无法跳跃穿过的石头围栏,,,,,,200,64,0,5,,,,,,,
549,苔石墙,苔石墙,1,3,,无法跳跃穿过的苔石围栏,,,,,,200,64,0,5,,,,,,,
600,羊毛,羊毛,1,3,1,可以制作羊毛制品,,,,,,200,64,0,5,600,,,,,,
601,橙色羊毛,橙色羊毛,1,3,1,可以制作彩色羊毛制品,,,,,,200,64,0,5,600,,,,,,
602,品红羊毛,品红羊毛,1,3,1,可以制作彩色羊毛制品,,,,,,200,64,0,5,600,,,,,,
603,淡蓝羊毛,淡蓝羊毛,1,3,1,可以制作彩色羊毛制品,,,,,,200,64,0,5,600,,,,,,
604,黄色羊毛,黄色羊毛,1,3,1,可以制作彩色羊毛制品,,,,,,200,64,0,5,600,,,,,,
605,黄绿色羊毛,黄绿色羊毛,1,3,1,可以制作彩色羊毛制品,,,,,,200,64,0,5,600,,,,,,
606,粉色羊毛,粉色羊毛,1,3,1,可以制作彩色羊毛制品,,,,,,200,64,0,5,600,,,,,,
607,灰色羊毛,灰色羊毛,1,3,1,可以制作彩色羊毛制品,,,,,,200,64,0,5,600,,,,,,
608,淡灰色羊毛,淡灰色羊毛,1,3,1,可以制作彩色羊毛制品,,,,,,200,64,0,5,600,,,,,,
609,青色羊毛,青色羊毛,1,3,1,可以制作彩色羊毛制品,,,,,,200,64,0,5,600,,,,,,
610,紫色羊毛,紫色羊毛,1,3,1,可以制作彩色羊毛制品,,,,,,200,64,0,5,600,,,,,,
611,蓝色羊毛,蓝色羊毛,1,3,1,可以制作彩色羊毛制品,,,,,,200,64,0,5,600,,,,,,
612,棕色羊毛,棕色羊毛,1,3,1,可以制作彩色羊毛制品,,,,,,200,64,0,5,600,,,,,,
613,绿色羊毛,绿色羊毛,1,3,1,可以制作彩色羊毛制品,,,,,,200,64,0,5,600,,,,,,
614,红色羊毛,红色羊毛,1,3,1,可以制作彩色羊毛制品,,,,,,200,64,0,5,600,,,,,,
615,黑色羊毛,黑色羊毛,1,3,1,可以制作彩色羊毛制品,,,,,,200,64,0,5,600,,,,,,
616,地毯,地毯,1,3,1,可以铺在方块上，软软的,,,,,,200,64,0,5,616,,,,,,
617,橙色羊毛地毯,橙色羊毛地毯,1,3,1,可以铺在方块上，软软的,,,,,,200,64,0,5,616,,,,,,
618,品红羊毛地毯,品红羊毛地毯,1,3,1,可以铺在方块上，软软的,,,,,,200,64,0,5,616,,,,,,
619,淡蓝羊毛地毯,淡蓝羊毛地毯,1,3,1,可以铺在方块上，软软的,,,,,,200,64,0,5,616,,,,,,
620,黄色羊毛地毯,黄色羊毛地毯,1,3,1,可以铺在方块上，软软的,,,,,,200,64,0,5,616,,,,,,
621,黄绿色羊毛地毯,黄绿色羊毛地毯,1,3,1,可以铺在方块上，软软的,,,,,,200,64,0,5,616,,,,,,
622,粉色羊毛地毯,粉色羊毛地毯,1,3,1,可以铺在方块上，软软的,,,,,,200,64,0,5,616,,,,,,
623,灰色羊毛地毯,灰色羊毛地毯,1,3,1,可以铺在方块上，软软的,,,,,,200,64,0,5,616,,,,,,
624,淡灰色羊毛地毯,淡灰色羊毛地毯,1,3,1,可以铺在方块上，软软的,,,,,,200,64,0,5,616,,,,,,
625,青色羊毛地毯,青色羊毛地毯,1,3,1,可以铺在方块上，软软的,,,,,,200,64,0,5,616,,,,,,
626,紫色羊毛地毯,紫色羊毛地毯,1,3,1,可以铺在方块上，软软的,,,,,,200,64,0,5,616,,,,,,
627,蓝色羊毛地毯,蓝色羊毛地毯,1,3,1,可以铺在方块上，软软的,,,,,,200,64,0,5,616,,,,,,
628,棕色羊毛地毯,棕色羊毛地毯,1,3,1,可以铺在方块上，软软的,,,,,,200,64,0,5,616,,,,,,
629,绿色羊毛地毯,绿色羊毛地毯,1,3,1,可以铺在方块上，软软的,,,,,,200,64,0,5,616,,,,,,
630,红色羊毛地毯,红色羊毛地毯,1,3,1,可以铺在方块上，软软的,,,,,,200,64,0,5,616,,,,,,
631,黑色羊毛地毯,黑色羊毛地毯,1,3,1,可以铺在方块上，软软的,,,,,,200,64,0,5,616,,,,,,
632,玻璃,玻璃,1,3,1,小心偷看，小心轻放,,,,,,200,64,0,5,632,,,,,,
633,白色玻璃,白色玻璃,1,3,1,小心偷看，小心轻放,,,,,,200,64,0,5,632,,,,,,
634,橙色玻璃,橙色玻璃,1,3,1,小心偷看，小心轻放,,,,,,200,64,0,5,632,,,,,,
635,品红玻璃,品红玻璃,1,3,1,小心偷看，小心轻放,,,,,,200,64,0,5,632,,,,,,
636,淡蓝玻璃,淡蓝玻璃,1,3,1,小心偷看，小心轻放,,,,,,200,64,0,5,632,,,,,,
637,黄色玻璃,黄色玻璃,1,3,1,小心偷看，小心轻放,,,,,,200,64,0,5,632,,,,,,
638,黄绿色玻璃,黄绿色玻璃,1,3,1,小心偷看，小心轻放,,,,,,200,64,0,5,632,,,,,,
639,粉色玻璃,粉色玻璃,1,3,1,小心偷看，小心轻放,,,,,,200,64,0,5,632,,,,,,
640,灰色玻璃,灰色玻璃,1,3,1,小心偷看，小心轻放,,,,,,200,64,0,5,632,,,,,,
641,淡灰色玻璃,淡灰色玻璃,1,3,1,小心偷看，小心轻放,,,,,,200,64,0,5,632,,,,,,
642,青色玻璃,青色玻璃,1,3,1,小心偷看，小心轻放,,,,,,200,64,0,5,632,,,,,,
643,紫色玻璃,紫色玻璃,1,3,1,小心偷看，小心轻放,,,,,,200,64,0,5,632,,,,,,
644,蓝色玻璃,蓝色玻璃,1,3,1,小心偷看，小心轻放,,,,,,200,64,0,5,632,,,,,,
645,棕色玻璃,棕色玻璃,1,3,1,小心偷看，小心轻放,,,,,,200,64,0,5,632,,,,,,
646,绿色玻璃,绿色玻璃,1,3,1,小心偷看，小心轻放,,,,,,200,64,0,5,632,,,,,,
647,红色玻璃,红色玻璃,1,3,1,小心偷看，小心轻放,,,,,,200,64,0,5,632,,,,,,
648,黑色玻璃,黑色玻璃,1,3,1,小心偷看，小心轻放,,,,,,200,64,0,5,632,,,,,,
649,玻璃板,玻璃板,1,3,1,小心偷看，小心轻放,,,,,,200,64,0,5,649,,,,,,
650,白色玻璃板,白色玻璃板,1,3,1,小心偷看，小心轻放,,,,,,200,64,0,5,649,,,,,,
651,橙色玻璃板,橙色玻璃板,1,3,1,小心偷看，小心轻放,,,,,,200,64,0,5,649,,,,,,
652,品红玻璃板,品红玻璃板,1,3,1,小心偷看，小心轻放,,,,,,200,64,0,5,649,,,,,,
653,淡蓝玻璃板,淡蓝玻璃板,1,3,1,小心偷看，小心轻放,,,,,,200,64,0,5,649,,,,,,
654,黄色玻璃板,黄色玻璃板,1,3,1,小心偷看，小心轻放,,,,,,200,64,0,5,649,,,,,,
655,黄绿色玻璃板,黄绿色玻璃板,1,3,1,小心偷看，小心轻放,,,,,,200,64,0,5,649,,,,,,
656,粉色玻璃板,粉色玻璃板,1,3,1,小心偷看，小心轻放,,,,,,200,64,0,5,649,,,,,,
657,灰色玻璃板,灰色玻璃板,1,3,1,小心偷看，小心轻放,,,,,,200,64,0,5,649,,,,,,
658,淡灰色玻璃板,淡灰色玻璃板,1,3,1,小心偷看，小心轻放,,,,,,200,64,0,5,649,,,,,,
659,青色玻璃板,青色玻璃板,1,3,1,小心偷看，小心轻放,,,,,,200,64,0,5,649,,,,,,
660,紫色玻璃板,紫色玻璃板,1,3,1,小心偷看，小心轻放,,,,,,200,64,0,5,649,,,,,,
661,蓝色玻璃板,蓝色玻璃板,1,3,1,小心偷看，小心轻放,,,,,,200,64,0,5,649,,,,,,
662,棕色玻璃板,棕色玻璃板,1,3,1,小心偷看，小心轻放,,,,,,200,64,0,5,649,,,,,,
663,绿色玻璃板,绿色玻璃板,1,3,1,小心偷看，小心轻放,,,,,,200,64,0,5,649,,,,,,
664,红色玻璃板,红色玻璃板,1,3,1,小心偷看，小心轻放,,,,,,200,64,0,5,649,,,,,,
665,黑色玻璃板,黑色玻璃板,1,3,1,小心偷看，小心轻放,,,,,,200,64,0,5,649,,,,,,
666,硬化粘土,硬化粘土,1,4,,可染色的粘土,,,,,,200,64,0,5,666,,,,,,
667,白色粘土,白色粘土,1,4,,具有多种颜色的建筑方块,,,,,,200,64,0,5,666,,,,,,
668,橙色粘土,橙色粘土,1,4,,具有多种颜色的建筑方块,,,,,,200,64,0,5,666,,,,,,
669,品红粘土,品红粘土,1,4,,具有多种颜色的建筑方块,,,,,,200,64,0,5,666,,,,,,
670,淡蓝粘土,淡蓝粘土,1,4,,具有多种颜色的建筑方块,,,,,,200,64,0,5,666,,,,,,
671,黄色粘土,黄色粘土,1,4,,具有多种颜色的建筑方块,,,,,,200,64,0,5,666,,,,,,
672,黄绿色粘土,黄绿色粘土,1,4,,具有多种颜色的建筑方块,,,,,,200,64,0,5,666,,,,,,
673,粉色粘土,粉色粘土,1,4,,具有多种颜色的建筑方块,,,,,,200,64,0,5,666,,,,,,
674,灰色粘土,灰色粘土,1,4,,具有多种颜色的建筑方块,,,,,,200,64,0,5,666,,,,,,
675,淡灰色粘土,淡灰色粘土,1,4,,具有多种颜色的建筑方块,,,,,,200,64,0,5,666,,,,,,
676,青色粘土,青色粘土,1,4,,具有多种颜色的建筑方块,,,,,,200,64,0,5,666,,,,,,
677,紫色粘土,紫色粘土,1,4,,具有多种颜色的建筑方块,,,,,,200,64,0,5,666,,,,,,
678,蓝色粘土,蓝色粘土,1,4,,具有多种颜色的建筑方块,,,,,,200,64,0,5,666,,,,,,
679,棕色粘土,棕色粘土,1,4,,具有多种颜色的建筑方块,,,,,,200,64,0,5,666,,,,,,
680,绿色粘土,绿色粘土,1,4,,具有多种颜色的建筑方块,,,,,,200,64,0,5,666,,,,,,
681,红色粘土,红色粘土,1,4,,具有多种颜色的建筑方块,,,,,,200,64,0,5,666,,,,,,
682,黑色粘土,黑色粘土,1,4,,具有多种颜色的建筑方块,,,,,,200,64,0,5,666,,,,,,
700,橙石火把,橙石火把,1,0,,能产生橙石能量,,,,,,200,64,0,5,,,,,,,
701,橙石火把,橙石火把,1,2,3,能产生橙石能量,,,,,,200,64,0,5,,,,,,,
702,橙石中继器,橙石中继器,1,2,3,增强或者改变橙石能量,repeater,,,,,200,64,1,5,,,,,,,
703,橙石中继器,橙石中继器,2,0,,增强或者改变橙石能量,repeater,,,,,200,64,1,5,,,,,,,
704,橙石比较器,橙石比较器,1,2,3,能对橙石能量进行比较后再输出,comparator,,,,,200,64,1,5,,,,,,,
705,橙石比较器,橙石比较器,2,0,,能对橙石能量进行比较后再输出,comparator,,,,,200,64,1,5,,,,,,,
706,橙石粉,橙石粉,1,2,3,能传导橙石能量,redstone_dust,,,,,200,64,0,5,,,,,,,
707,橙石灯,橙石灯,1,2,3,接收橙石能量后点亮,,,,,,200,64,0,5,,,,,,,
708,橙石灯,橙石灯,2,0,,接收橙石能量后点亮,,,,,,200,64,0,5,,,,,,,
709,绊线钩,绊线钩,1,0,,与线组合使用，可以触发一些陷阱,,,,,,200,64,0,5,,,,,,,
710,线,线,1,0,,普通的线，能合成制作弓箭,string,,,,,200,64,0,5,,,,,,,
711,木质压力板,木质压力板,1,2,3,能感受到压力产生橙石信号,icon711,,,,,200,64,0,5,,,,,,,
712,石质压力板,石质压力板,1,2,3,能感受到压力产生橙石信号，恢复时间快,icon712,,,,,200,64,0,5,,,,,,,
715,木质按钮,木质按钮,1,2,3,按下产生1次橙石能量,icon715,,,,,200,64,1,5,,,,,,,
716,石质按钮,石质按钮,1,2,3,按下产生1次橙石能量，恢复时间快,icon716,,,,,200,64,1,5,,,,,,,
717,发射器,发射器,1,0,,接收橙石能量后可发射物品,,,,,,200,64,0,5,,,,,,,
718,粘性活塞,粘性活塞,1,2,3,接收橙石能量活塞推出，可以粘住方块并且收回,,,,,,200,64,0,5,,,,,,,
719,活塞,活塞,1,2,3,接收橙石能量后，活塞推出前方的方块,,,,,,200,64,0,5,,,,,,,
720,投掷器,投掷器,1,0,,接收橙石能量后投掷物品,,,,,,200,64,0,5,,,,,,,
724,拉杆,拉杆,1,2,3,拉下可以持续产生橙石能量,icon724,,,,,200,64,1,5,,,,,,,
725,铁轨,铁轨,1,2,3,用来运输矿车,,,,,,200,64,0,5,,,,,,,
726,唱片机,唱片机,1,0,,可以播放唱片,,,,,,200,64,1,5,,,,,,,
728,激活铁轨,激活铁轨,1,0,,能激活特殊的矿车,,,,,,200,64,0,5,,,,,,,
729,充能铁轨,充能铁轨,1,2,3,接收橙石能量可以使矿车加速,,,,,,200,64,0,5,,,,,,,
730,探测铁轨,探测铁轨,1,0,,有矿车经过时会产生橙石能量,,,,,,200,64,0,5,,,,,,,
731,活板门,活板门,1,0,,接收橙石能量后控制开关,,,,,,200,64,1,5,,,,,,,
732,龙纪念碑,龙纪念碑,1,0,,屠龙者的荣耀纪念碑,icon3502,,,,,200,1,0,5,,,,,,,
733,黑龙宝箱,黑龙宝箱,1,0,,黑龙宝箱,,,,,,200,1,0,5,,,,,,,
734,普通宝箱,低等宝箱,1,0,,深埋在地下的宝箱,,,,,,200,1,0,5,,,,,,,
735,精致宝箱,中等宝箱,1,0,,藏于地下城的宝箱,,,,,,200,1,0,5,,,,,,,
736,黄金宝箱,高等宝箱,1,0,,活动开启的宝箱,,,,,,200,1,0,5,,,,,,,
737,简易罐子,罐子,1,0,,散布在世界的不起眼的简易罐子,,,,,,200,1,1,5,,,,,,,
738,陶土罐子,罐子,1,0,,散布在世界的不起眼的陶土罐子,,,,,,200,1,1,5,,,,,,,
739,彩陶罐子,罐子,1,0,,散布在世界的不起眼的彩陶罐子,,,,,,200,1,1,5,,,,,,,
800,工作台,工作台,1,3,,重要的工具，可以用来合成制作各种东西,,,,,,200,64,1,5,,,,,,,
801,箱子,箱子,1,3,,用来储存东西，两个可以并排组合使用,,,,,,200,64,1,5,,StorageBox_OnUse,,,,,
802,熔炉,熔炉,1,3,,用于熔炼和烧烤，试试烤肉怎么样？,,,,,,200,64,1,5,,Furnace_OnUse,,,,,
803,蜘蛛网,蜘蛛网,1,3,,蛛网，可以收集获得线,,,,,,200,64,0,5,,,,,,,
804,石头怪物蛋,石头怪物蛋,1,0,,似乎藏有什么小家伙,,,,,,200,64,0,5,,,,,,,
805,圆石怪物蛋,圆石怪物蛋,1,0,,似乎藏有什么小家伙,,,,,,200,64,0,5,,,,,,,
806,石砖怪物蛋,石砖怪物蛋,1,0,,似乎藏有什么小家伙,,,,,,200,64,0,5,,,,,,,
807,苔石传怪物蛋,苔石传怪物蛋,1,0,,似乎藏有什么小家伙,,,,,,200,64,0,5,,,,,,,
808,裂石砖怪物蛋,裂石砖怪物蛋,1,0,,似乎藏有什么小家伙,,,,,,200,64,0,5,,,,,,,
809,錾制石砖怪物蛋,錾制石砖怪物蛋,1,0,,似乎藏有什么小家伙,,,,,,200,64,0,5,,,,,,,
810,刷怪笼,刷怪笼,1,3,,不停的产出怪物，似乎对光线敏感,,,,,,200,64,0,5,,,,,,,
811,陷阱箱,陷阱箱,1,0,,箱子，似乎有更多的用途,icon811,,,,,200,64,1,5,,,,,,,
812,木门,木门,1,3,,普通的门,door_wood,,,,,200,1,1,5,,WoodDoor_OnUse,,,,,
813,梯子,梯子,1,3,,放在方块侧面，可以垂直攀爬,,,,,,200,64,0,5,,,,,,,
814,铁门,铁门,1,3,,坚固的门，接收橙石信号才能打开,door_iron,,,,,200,1,1,5,,IronDoor_OnUse,,,,,
815,告示牌,告示牌,1,0,,可以写上文字告示,sign,,,,,200,64,0,5,,,,,,,
816,南瓜灯,南瓜灯,1,3,,用于照明，防水,,,,,,200,64,0,5,,,,,,,
817,火把,火把,1,2,1,放置在方块上，可以照亮附近,,,,,,200,64,0,5,,,,,,,
819,龙蛋,龙蛋,1,0,,末影龙的蛋，充满魔力,,,,,,200,1,0,5,,,,,,,
820,书架,书架,1,3,,放到附魔台附近，会产生魔法,,,,,,200,64,0,5,,,,,,,
822,干草块,干草块,1,0,,干草堆起来的方块,,,,,,200,64,0,5,,,,,,,
823,粘液块,粘液块,1,0,,粘粘的，粘粘的。,,,,,,200,64,0,5,,,,,,,
824,铁砧,铁砧,1,0,,可以修理装备和工具,,,,,,200,1,1,5,,,,,,,
828,床,床,1,3,,舒适到一觉可以睡到天亮，跳过黑夜,bed,,,,,200,1,1,5,,Bed_OnUse,,,,,
829,酿造台,酿造台,1,0,,用来制作魔法药水,brewing_stand,,,,,200,64,1,5,,,,,,,
830,蛋糕,蛋糕,1,3,,放下慢慢品尝，可以吃多次,cake,,,,,200,64,0,5,,,,,,,
832,末影箱,末影箱,1,0,,可以共享仓库的神秘储存箱,,,,,,200,64,1,5,,,,,,,
833,附魔台,附魔台,1,3,,魔力无边，可以对物品进行附魔,,,,,,200,64,1,5,,,,,,,
834,TNT,TNT,1,2,4,嘣！请远离火源和橙石能量,,,,,,200,64,0,5,,,,,,,
839,漏斗,漏斗,1,0,,能收集物品并传输物品,hopper,,,,,200,64,1,5,,,,,,,
842,铁弹簧,铁弹簧,1,2,3,接收橙石能量后，弹出前方的方块,,,,,,200,64,0,5,,,,,,,
844,金弹簧,金弹簧,1,2,3,接收橙石能量后，弹出前方的方块,,,,,,200,64,0,5,,,,,,,
1000,空手,空手,3,0,,,,,,,,200,1,0,5,,,,,,,
1001,木斧,木斧,3,0,,"近战伤害+3
提高伐木速度。",wood_axe,,,,,200,1,0,5,,,1,0,,,
1002,石斧,石斧,3,0,,"近战伤害+4
提高伐木速度，比木斧更快。",stone_axe,,,,,200,1,0,5,,,1,2,,,
1003,铁斧,铁斧,3,0,,"近战伤害+5
提高伐木速度，比石斧更快。",iron_axe,,,,,200,1,0,5,,,1,4,,,
1004,金斧,金斧,3,0,,"近战伤害+3
提高伐木速度，比钻石斧更快。",gold_axe,,,,,200,1,0,5,,,1,5,,,
1005,钻石斧,钻石斧,3,0,,"近战伤害+6
提高伐木速度，比铁斧更快。",diamond_axe,,,,,200,1,0,5,,,1,6,,,
1011,木镐,木镐,3,0,,"近战伤害+2
提高采矿速度。",wood_pickaxe,,,,,200,1,0,5,,,1,0,,,
1012,石镐,石镐,3,0,,"近战伤害+3
提高采矿速度，比木镐更快。",stone_pickaxe,,,,,200,1,0,5,,,1,2,,,
1013,铁镐,铁镐,3,0,,"近战伤害+4
提高采矿速度，比石镐更快。",iron_pickaxe,,,,,200,1,0,5,,,1,4,,,
1014,金镐,金镐,3,0,,"近战伤害+2
提高采矿速度，比钻石镐更快。",gold_pickaxe,,,,,200,1,0,5,,,1,5,,,
1015,钻石镐,钻石镐,3,0,,"近战伤害+5
提高采矿速度，比铁镐更快。",diamond_pickaxe,,,,,200,1,0,5,,,1,6,,,
1021,木铲,木铲,3,0,,"近战伤害+1
提高挖土速度。",wood_shovel,,,,,200,1,0,5,,,1,0,,,
1022,石铲,石铲,3,0,,"近战伤害+2
提高挖土速度，比木铲更快。",stone_shovel,,,,,200,1,0,5,,,1,2,,,
1023,铁铲,铁铲,3,0,,"近战伤害+3
提高挖土速度，比石铲更快。",iron_shovel,,,,,200,1,0,5,,,1,4,,,
1024,金铲,金铲,3,0,,"近战伤害+1
提高挖土速度，比钻石铲更快。",gold_shovel,,,,,200,1,0,5,,,1,5,,,
1025,钻石铲,钻石铲,3,0,,"近战伤害+4
提高挖土速度，比铁铲更快。",diamond_shovel,,,,,200,1,0,5,,,1,6,,,
1031,木锄,木锄,3,0,,对泥土或草地使用，变为耕地。,wood_hoe,,,,,200,1,0,5,,Hoe_OnUse,1,0,,,
1032,石锄,石锄,3,0,,对泥土或草地使用，变为耕地。,stone_hoe,,,,,200,1,0,5,,Hoe_OnUse,1,2,,,
1033,铁锄,铁锄,3,2,1,对泥土或草地使用，变为耕地。,iron_hoe,,,,,200,1,0,5,,Hoe_OnUse,1,4,,,
1034,金锄,金锄,3,0,,对泥土或草地使用，变为耕地。,gold_hoe,,,,,200,1,0,5,,Hoe_OnUse,1,5,,,
1035,钻石锄,钻石锄,3,0,,对泥土或草地使用，变为耕地。,diamond_hoe,,,,,200,1,0,5,,Hoe_OnUse,1,6,,,
1041,头部,头部,0,0,,,empty_armor_slot_helmet,,,,,200,1,0,5,,,,,,,
1042,胸部,胸部,0,0,,,empty_armor_slot_chestplate,,,,,200,1,0,5,,,,,,,
1043,腿部,腿部,0,0,,,empty_armor_slot_leggings,,,,,200,1,0,5,,,,,,x,
1044,脚部,脚部,0,0,,,empty_armor_slot_boots,,,,,200,1,0,5,,,,,,,
1045,背饰,背饰,,0,,,,,,,,200,1,0,5,,,,,,x,
1050,桶,桶,3,2,2,可以用来取水、牛奶和岩浆。,bucket_empty,,,,,200,64,1,5,,BucketEmpty_OnUse,,,,,
1051,水桶,水桶,3,2,2,装有水的桶，使用后将水倒出,bucket_water,,,,,200,1,1,5,,BucketWater_OnUse,,,,,
1052,岩浆桶,岩浆桶,3,2,2,装有岩浆的桶，使用将岩浆倒出,bucket_lava,,,,,200,1,1,5,,BucketLava_OnUse,,,,,
1055,打火石,打火石,3,2,4,使用会产生火焰，不可以玩火！,flint_and_steel,,,,,200,1,1,5,,FlintSteel_OnUse,,,,,打火动作缺失
1056,剪刀,剪刀,3,2,4,修剪羊毛、修剪花草,shears,,,,,200,1,1,5,,,,,,,功能缺失
1200,粘土,粘土,2,3,,可做成建筑材料,clay_ball,,,,,200,64,0,5,,,,,,,
1201,煤炭,煤炭,2,3,,可以作为燃料,coal,,,,,200,64,0,5,1201,,,,,,
1202,木炭,木炭,2,3,,可以作为燃料,charcoal,,,,,200,64,0,5,1201,,,,,,
1203,钻石,钻石,2,3,,珍贵的稀有物，可制作高级的工具和装备,diamond,,,,,200,64,0,5,,,,,,,
1204,绿宝石,绿宝石,2,3,,村民很需要这个东西,emerald,,,,,200,64,0,5,,,,,,,
1205,末影珍珠,末影珍珠,2,0,,用于制作末影之眼,ender_pearl,,,,,200,64,0,5,,,,,,,
1206,萤石粉,萤石粉,2,3,,用于制作萤石,fireball,,,,,200,64,0,5,,,,,,,
1207,金锭,金锭,2,3,,用于制作金工具和附魔食物,gold_ingot,,,,,200,64,0,5,,,,,,,
1208,金粒,金粒,2,3,,用于制作附魔食物,gold_nugget,,,,,200,64,0,5,,,,,,,
1209,铁锭,铁锭,2,3,,用于制作铁工具和装备,iron_ingot,,,,,200,64,0,5,,,,,,,
1210,石英,石英,2,3,,用于制作石英块,quartz,,,,,200,64,0,5,,,,,,,
1213,红砖,红砖,2,3,,用于制作砖块,brick,,,,,200,64,0,5,,,,,,,
1214,地狱砖,地狱砖,2,3,,用于合成地狱砖块,netherbrick,,,,,200,64,0,5,,,,,,,
1302,骨头,骨头,2,1,,可制作成骨粉，某些动物也喜欢,bone,,,,,200,64,0,5,,,,,,,
1303,羽毛,羽毛,2,3,,用于制作箭,feather,,,,,200,64,0,5,,,,,,,
1304,燧石,燧石,2,3,,用于制作打火石和箭,flint,,,,,200,64,0,5,,,,,,,
1306,火药,火药,2,3,,用于制作TNT,gunpowder,,,,,200,64,0,5,,,,,,,
1307,皮革,皮革,2,3,,用于制作皮防具和书,leather,,,,,200,64,0,5,,,,,,,
1308,下界之星,下界之星,2,0,,用于建造信标,nether_star,,,,,200,64,0,5,,,,,,,
1310,粘液球,粘液球,2,0,,什么东西需要粘粘的球,slimeball,,,,,200,64,0,5,,,,,,,
1314,碗,碗,2,0,,有些食物需要碗,bowl,,,,,200,64,0,5,,,,,,,
1315,末影之眼,末影之眼,2,0,,用于开启传送门,ender_eye,,,,,200,64,0,5,,,,,,,功能未知
1316,发酵蛛眼,发酵蛛眼,2,0,,用于酿造药水。,spider_eye_fermented,,,,,200,64,0,5,,,,,,,功能未知
1320,玻璃瓶,玻璃瓶,2,0,,可以装水，用于酿造药水。,potion_bottle_empty,,,,,200,64,1,5,,,,,,,
1321,闪烁西瓜片,闪烁西瓜片,2,0,,食用后恢复4颗生命心，在180秒内减少20%受到的火焰伤害。,melon_speckled,,,,,200,64,1,5,,,,,,,
1322,纸,纸,2,0,,用于制作地图和书,paper,,,,,200,64,0,5,,,,,,,
1323,木棍,木棍,2,0,,用于制作火把、栅栏和梯子等工具。,stick,,,,,200,64,0,5,,,,,,,
1326,糖,糖,2,0,,用于制作食物,sugar,,,,,200,64,1,5,,,,,,,
1400,小麦种子,小麦种子,2,1,,可以种到耕地上,seeds_wheat,,,,,200,64,1,5,,WheatSeed_OnUse,,,,,
1401,南瓜种子,南瓜种子,2,1,,可以种到耕地上,seeds_pumpkin,,,,,200,64,1,5,,PumpkinSeed_OnUse,,,,,
1402,西瓜种子,西瓜种子,2,1,,可以种到耕地上,seeds_melon,,,,,200,64,1,5,,MelonSeed_OnUse,,,,,
1403,可可豆,可可豆,2,1,,"可以种到丛林树木上。
食用后在6秒内恢复1.5颗生命心。",dye_powder_brown,,,,,200,64,1,5,,Cocoa_OnUse,,,,,
1500,骨粉,骨粉,2,1,1,白色的染料，对植物使用可以加快成长速度,dye_powder_white,,,,,200,64,1,5,1500,BonePowder_OnUse,,,,,缺乏特效
1501,淡灰色染料,淡灰色染料,2,0,1,可为建筑材料染色,dye_powder_silver,,,,,200,64,0,5,1500,,,,,,
1502,灰色染料,灰色染料,2,0,1,可为建筑材料染色,dye_powder_gray,,,,,200,64,0,5,1500,,,,,,
1503,墨囊,墨囊,2,0,1,可为建筑材料染色,dye_powder_black,,,,,200,64,0,5,1500,,,,,,
1504,粉红色染料,粉红色染料,2,0,1,可为建筑材料染色,dye_powder_pink,,,,,200,64,0,5,1500,,,,,,
1505,玫瑰红,玫瑰红,2,0,1,可为建筑材料染色,dye_powder_red,,,,,200,64,0,5,1500,,,,,,
1506,橙色染料,橙色染料,2,0,1,可为建筑材料染色,dye_powder_orange,,,,,200,64,0,5,1500,,,,,,
1507,蒲公英黄,蒲公英黄,2,0,1,可为建筑材料染色,dye_powder_yellow,,,,,200,64,0,5,1500,,,,,,
1508,黄绿色染料,黄绿色染料,2,0,1,可为建筑材料染色,dye_powder_lime,,,,,200,64,0,5,1500,,,,,,
1509,仙人掌绿,仙人掌绿,2,0,1,可为建筑材料染色,dye_powder_green,,,,,200,64,0,5,1500,,,,,,
1510,淡蓝色染料,淡蓝色染料,2,0,1,可为建筑材料染色,dye_powder_light_blue,,,,,200,64,0,5,1500,,,,,,
1511,青色染料,青色染料,2,0,1,可为建筑材料染色,dye_powder_cyan,,,,,200,64,0,5,1500,,,,,,
1512,青金石,青金石,2,0,1,可为建筑材料染色，制作附魔食物,dye_powder_blue,,,,,200,64,0,5,1500,,,,,,
1513,紫色染料,紫色染料,2,0,1,可为建筑材料染色,dye_powder_purple,,,,,200,64,0,5,1500,,,,,,
1514,品红色染料,品红色染料,2,0,1,可为建筑材料染色,dye_powder_magenta,,,,,200,64,0,5,1500,,,,,,
1800,日钟,日钟,2,0,,显示白天黑夜,clock,,,,,200,64,0,5,,,,,,x,
1804,空白书,空白书,2,0,,可以做为日记，也可以变成充满魔力的书,book_writable,,,,,200,64,1,5,,,,,,,
1805,书,书,2,0,,可以作为附魔材料，在附魔台附魔,book_normal,,,,,200,64,0,5,,,2,0,1807,,
1806,成书,成书,2,0,,记录了一些内容的书,book_written,,,,,200,1,1,5,,,,,,,
1807,附魔书,附魔书,2,0,,充满魔力的书，可以使用在装备上,book_enchanted,,,,,200,1,0,5,,,2,,,,
1809,命名牌,命名牌,2,0,,可以给生物的命名,name_tag,,,,,200,1,1,5,,,,,,,
1810,马鞍,马鞍,2,0,,放置在马身上以进行骑乘,saddle,,,,,200,1,0,5,,,,,,,
1811,唱片1,唱片1,2,0,,一首好听的乐曲,record_11,,,,,200,1,1,5,,,,,,,功能缺失
1812,唱片2,唱片2,2,0,,一首好听的乐曲,record_13,,,,,200,1,1,5,,,,,,,功能缺失
1813,唱片3,唱片3,2,0,,一首好听的乐曲,record_blocks,,,,,200,1,1,5,,,,,,,功能缺失
1814,唱片4,唱片4,2,0,,一首好听的乐曲,record_cat,,,,,200,1,1,5,,,,,,,功能缺失
1815,唱片5,唱片5,2,0,,一首好听的乐曲,record_chirp,,,,,200,1,1,5,,,,,,,功能缺失
1816,唱片6,唱片6,2,0,,一首好听的乐曲,record_far,,,,,200,1,1,5,,,,,,,功能缺失
1817,唱片7,唱片7,2,0,,一首好听的乐曲,record_mall,,,,,200,1,1,5,,,,,,,功能缺失
1818,唱片8,唱片8,2,0,,一首好听的乐曲,record_mellohi,,,,,200,1,1,5,,,,,,,功能缺失
1819,唱片9,唱片9,2,0,,一首好听的乐曲,record_stal,,,,,200,1,1,5,,,,,,,功能缺失
1820,唱片10,唱片10,2,0,,一首好听的乐曲,record_strad,,,,,200,1,1,5,,,,,,,功能缺失
1821,唱片11,唱片11,2,0,,一首好听的乐曲,record_wait,,,,,200,1,1,5,,,,,,,功能缺失
1822,唱片12,唱片12,2,0,,一首好听的乐曲,record_ward,,,,,200,1,1,5,,,,,,,功能缺失
1900,1级保护,1级保护,2,0,,增加额外的护甲,,,,,,200,1,0,5,,,,,,x,
1901,2级保护,2级保护,2,0,,增加额外的护甲,,,,,,200,1,0,5,,,,,,x,
1902,3级保护,3级保护,2,0,,增加额外的护甲,,,,,,200,1,0,5,,,,,,x,
1903,4级保护,4级保护,2,0,,增加额外的护甲,,,,,,200,1,0,5,,,,,,x,
1904,5级保护,5级保护,2,0,,增加额外的护甲,,,,,,200,1,0,5,,,,,,x,
1905,1级火焰保护,1级火焰保护,2,0,,增加火焰伤害的抵抗,,,,,,200,1,0,5,,,,,,x,
1906,2级火焰保护,2级火焰保护,2,0,,增加火焰伤害的抵抗,,,,,,200,1,0,5,,,,,,x,
1907,3级火焰保护,3级火焰保护,2,0,,增加火焰伤害的抵抗,,,,,,200,1,0,5,,,,,,x,
1908,4级火焰保护,4级火焰保护,2,0,,增加火焰伤害的抵抗,,,,,,200,1,0,5,,,,,,x,
1909,5级火焰保护,5级火焰保护,2,0,,增加火焰伤害的抵抗,,,,,,200,1,0,5,,,,,,x,
1910,1级爆炸保护,1级爆炸保护,2,0,,增加爆炸伤害的抵抗,,,,,,200,1,0,5,,,,,,x,
1911,2级爆炸保护,2级爆炸保护,2,0,,增加爆炸伤害的抵抗,,,,,,200,1,0,5,,,,,,x,
1912,3级爆炸保护,3级爆炸保护,2,0,,增加爆炸伤害的抵抗,,,,,,200,1,0,5,,,,,,x,
1913,4级爆炸保护,4级爆炸保护,2,0,,增加爆炸伤害的抵抗,,,,,,200,1,0,5,,,,,,x,
1914,5级爆炸保护,5级爆炸保护,2,0,,增加爆炸伤害的抵抗,,,,,,200,1,0,5,,,,,,x,
1915,1级远程保护,1级远程保护,2,0,,增加远程伤害的抵抗,,,,,,200,1,0,5,,,,,,x,
1916,2级远程保护,2级远程保护,2,0,,增加远程伤害的抵抗,,,,,,200,1,0,5,,,,,,x,
1917,3级远程保护,3级远程保护,2,0,,增加远程伤害的抵抗,,,,,,200,1,0,5,,,,,,x,
1918,4级远程保护,4级远程保护,2,0,,增加远程伤害的抵抗,,,,,,200,1,0,5,,,,,,x,
1919,5级远程保护,5级远程保护,2,0,,增加远程伤害的抵抗,,,,,,200,1,0,5,,,,,,x,
1920,1级掉落保护,1级掉落保护,2,0,,增加掉落伤害的抵抗,,,,,,200,1,0,5,,,,,,x,
1921,2级掉落保护,2级掉落保护,2,0,,增加掉落伤害的抵抗,,,,,,200,1,0,5,,,,,,x,
1922,3级掉落保护,3级掉落保护,2,0,,增加掉落伤害的抵抗,,,,,,200,1,0,5,,,,,,x,
1923,4级掉落保护,4级掉落保护,2,0,,增加掉落伤害的抵抗,,,,,,200,1,0,5,,,,,,x,
1924,5级掉落保护,5级掉落保护,2,0,,增加掉落伤害的抵抗,,,,,,200,1,0,5,,,,,,x,
1925,1级荆棘,1级荆棘,2,0,,反弹受到的伤害,,,,,,200,1,0,5,,,,,,x,
1926,2级荆棘,2级荆棘,2,0,,反弹受到的伤害,,,,,,200,1,0,5,,,,,,x,
1927,3级荆棘,3级荆棘,2,0,,反弹受到的伤害,,,,,,200,1,0,5,,,,,,x,
1928,4级荆棘,4级荆棘,2,0,,反弹受到的伤害,,,,,,200,1,0,5,,,,,,x,
1929,5级荆棘,5级荆棘,2,0,,反弹受到的伤害,,,,,,200,1,0,5,,,,,,x,
1935,1级水下速掘,1级水下速掘,2,0,,增加水下挖掘速度,,,,,,200,1,0,5,,,,,,x,
1936,2级水下速掘,2级水下速掘,2,0,,增加水下挖掘速度,,,,,,200,1,0,5,,,,,,x,
1937,3级水下速掘,3级水下速掘,2,0,,增加水下挖掘速度,,,,,,200,1,0,5,,,,,,x,
1938,4级水下速掘,4级水下速掘,2,0,,增加水下挖掘速度,,,,,,200,1,0,5,,,,,,x,
1939,5级水下速掘,5级水下速掘,2,0,,增加水下挖掘速度,,,,,,200,1,0,5,,,,,,x,
2001,木剑,木剑,2,0,,"近战伤害+3
主要的近战武器。",wood_sword,,,,,200,1,0,5,,,1,0,,,
2002,石剑,石剑,2,0,,"近战伤害+4
主要的近战武器。",stone_sword,,,,,200,1,0,5,,,1,2,,,
2003,铁剑,铁剑,2,2,1,"#c00FF00近战伤害+6#n
主要的近战武器。",iron_sword,,,,,200,1,0,5,,,1,4,,,
2004,金剑,金剑,2,0,,"近战伤害+3
主要的近战武器。",gold_sword,,,,,200,1,0,5,,,1,5,,,
2005,钻石剑,钻石剑,2,0,,"近战伤害+8
主要的近战武器。",diamond_sword,,,,,200,1,0,5,,,1,6,,,
2050,弓,弓,2,2,1,"伤害与蓄力程度相关
主要的远程武器，每次攻击消耗1支箭。",bow_standby,,,,,200,1,1,5,,,1,0,,,
2051,箭,箭,2,2,1,用于弓远程攻击的消耗。,arrow,,,,,200,64,0,5,,,,,,,
2052,鸡蛋,鸡蛋,2,3,,使用可以投掷，有几率生成小鸡。,egg,,,,,200,64,0,5,,,,,,,
2054,雪球,雪球,2,3,,使用可以投掷。,snowball,,,,,200,64,0,5,,,,,,,
2201,皮革头盔,皮革头盔,2,0,,物理防御+1,leather_helmet,,,,,200,64,0,5,,,1,1,,,
2202,皮革胸甲,皮革胸甲,2,0,,物理防御+2,leather_chestplate,,,,,200,1,0,5,,,1,1,,,
2203,皮革护腿,皮革护腿,2,0,,物理防御+2,leather_leggings,,,,,200,1,0,5,,,1,1,,,
2204,皮革靴子,皮革靴子,2,0,,物理防御+1,leather_boots,,,,,200,1,0,5,,,1,1,,,
2205,皮披风,皮披风,2,0,,听说英雄都有披风,icon2205,,,,,200,1,0,5,,,,,,,
2211,锁链头盔,锁链头盔,2,0,,物理防御+2,chainmail_helmet,,,,,200,1,0,5,,,1,3,,,
2212,锁链胸甲,锁链胸甲,2,0,,物理防御+4,chainmail_chestplate,,,,,200,1,0,5,,,1,3,,,
2213,锁链护腿,锁链护腿,2,0,,物理防御+3,chainmail_leggings,,,,,200,1,0,5,,,1,3,,,
2214,锁链靴子,锁链靴子,2,0,,物理防御+1,chainmail_boots,,,,,200,1,0,5,,,1,3,,,
2215,锁链披风,锁链披风,2,0,,听说英雄都有披风,icon2215,,,,,200,1,0,5,,,,,,,
2221,铁头盔,铁头盔,2,0,,物理防御+3,iron_helmet,,,,,200,1,0,5,,,1,4,,,
2222,铁胸甲,铁胸甲,2,0,,物理防御+5,iron_chestplate,,,,,200,1,0,5,,,1,4,,,
2223,铁护腿,铁护腿,2,0,,物理防御+4,iron_leggings,,,,,200,1,0,5,,,1,4,,,
2224,铁靴子,铁靴子,2,0,,物理防御+3,iron_boots,,,,,200,1,0,5,,,1,4,,,
2225,铁披风,铁披风,2,0,,听说英雄都有披风,icon2225,,,,,200,1,0,5,,,,,,,
2231,金头盔,金头盔,2,0,,物理防御+2,gold_helmet,,,,,200,1,0,5,,,1,5,,,
2232,金胸甲,金胸甲,2,0,,物理防御+3,gold_chestplate,,,,,200,1,0,5,,,1,5,,,
2233,金护腿,金护腿,2,0,,物理防御+3,gold_leggings,,,,,200,1,0,5,,,1,5,,,
2234,金靴子,金靴子,2,0,,物理防御+1,gold_boots,,,,,200,1,0,5,,,1,5,,,
2235,金披风,金披风,2,0,,听说英雄都有披风,icon2235,,,,,200,1,0,5,,,,,,,
2241,钻石头盔,钻石头盔,2,0,,物理防御+3,diamond_helmet,,,,,200,1,0,5,,,1,6,,,
2242,钻石胸甲,钻石胸甲,2,0,,物理防御+6,diamond_chestplate,,,,,200,1,0,5,,,1,6,,,
2243,钻石护腿,钻石护腿,2,0,,物理防御+5,diamond_leggings,,,,,200,1,0,5,,,1,6,,,
2244,钻石靴子,钻石靴子,2,0,,物理防御+3,diamond_boots,,,,,200,1,0,5,,,1,6,,,
2245,钻披风,钻披风,2,0,,听说英雄都有披风,icon2245,,,,,200,1,0,5,,,,,,,
2250,铁马铠,铁马铠,2,0,,"物理防御+5
增加马的物理防御。",iron_horse_armor,,,,,200,1,0,5,,,,,,,
2251,金马铠,金马铠,2,0,,"物理防御+7
增加马的物理防御。",gold_horse_armor,,,,,200,1,0,5,,,,,,,
2252,钻石马铠,钻石马铠,2,0,,"物理防御+11
增加马的物理防御。",diamond_horse_armor,,,,,200,1,0,5,,,,,,,
2500,苹果,苹果,2,0,,食用后恢复1.5颗生命心。,apple,,,,,200,64,1,5,,,,,,,
2501,金苹果,金苹果,2,0,,食用后恢复3颗生命心，在180秒内减少20%受到的近战伤害。,apple_golden,,,,,200,64,1,5,,,,,,,
2502,面包,面包,2,0,,食用后在6秒内恢复2.25颗生命心。,bread,,,,,200,64,1,5,,,,,,,
2505,闪烁胡萝卜,闪烁胡萝卜,2,0,,食用后恢复3颗生命心，在180秒内减少20%受到的远程伤害。,carrot_golden,,,,,200,64,1,5,,,,,,,
2506,小丑鱼,小丑鱼,2,0,,食用后恢复2颗生命心。,fish_clownfish_raw,,,,,200,64,1,5,,,,,,,
2507,曲奇,曲奇,2,0,,食用后在6秒内恢复3颗生命心，在180秒内提高20%挖掘速度。,cookie,,,,,200,64,1,5,,,,,,,
2508,西瓜片,西瓜片,2,0,,食用后恢复1颗生命心。,melon,,,,,200,64,1,5,,,,,,,
2509,牛奶桶,牛奶桶,2,0,,食用后随机去除1个任意状态。,bucket_milk,,,,,200,64,1,5,,,,,,,
2510,蘑菇煲,蘑菇煲,2,0,,食用后在6秒内恢复2.25颗生命心。,mushroom_stew,,,,,200,64,1,5,,,,,,,
2512,烤马铃薯,烤马铃薯,2,0,,食用后在6秒内恢复2.25颗生命心。,potato_baked,,,,,200,64,1,5,,,,,,,
2513,毒马铃薯,毒马铃薯,2,0,,食用后在6秒内恢复1.5颗生命心。,potato_poisonous,,,,,200,64,1,5,,,,,,,
2514,河豚,河豚,2,0,,食用后恢复2颗生命心。,fish_pufferfish_raw,,,,,200,64,1,5,,,,,,,
2515,南瓜派,南瓜派,2,0,,食用后在6秒内恢复3颗生命心，在180秒内减少20%受到的爆炸伤害。,pumpkin_pie,,,,,200,64,1,5,,,,,,,
2516,生牛肉,生牛肉,2,1,,食用后恢复2颗生命心。,beef_raw,,,,,200,64,1,5,,,,,,,
2517,牛排,牛排,2,0,,食用后恢复3颗生命心。,beef_cooked,,,,,200,64,1,5,,,,,,,
2518,生鸡肉,生鸡肉,2,0,,食用后恢复1.5颗生命心。,icon2518,,,,,200,64,1,5,,,,,,,
2519,熟鸡肉,熟鸡肉,2,0,,食用后恢复2.25颗生命心。,icon2519,,,,,200,64,1,5,,,,,,,
2520,生鱼,生鱼,2,0,,食用后恢复2颗生命心。,fish_raw,,,,,200,64,1,5,,,,,,,
2521,熟鱼,熟鱼,2,0,,食用后恢复3颗生命心。,fish_cooked,,,,,200,64,1,5,,,,,,,
2522,生猪排,生猪排,2,0,,食用后恢复2颗生命心。,porkchop_raw,,,,,200,64,1,5,,,,,,,
2523,熟猪排,熟猪排,2,0,,食用后恢复3颗生命心。,porkchop_cooked,,,,,200,64,1,5,,,,,,,
2524,生鲑鱼,生鲑鱼,2,0,,食用后恢复2颗生命心。,fish_cod_raw,,,,,200,64,1,5,,,,,,,
2525,熟鲑鱼,熟鲑鱼,2,0,,食用后恢复3颗生命心。,fish_cod_cooked,,,,,200,64,1,5,,,,,,,
2526,腐肉,腐肉,2,0,,食用后恢复2颗生命心，有可能中毒，小心哦。,rotten_flesh,,,,,200,64,1,5,,,,,,,
2527,蜘蛛眼,蜘蛛眼,2,0,,食用后恢复2颗生命心，有可能中毒，小心哦。,spider_eye,,,,,200,64,1,5,,,,,,,
2530,生羊肉,生羊肉,2,0,,食用后恢复2颗生命心。,blaze_powder,,,,,200,64,1,5,,,,,,x,
2531,熟羊肉,熟羊肉,2,0,,食用后恢复3颗生命心。,blaze_powder,,,,,200,64,1,5,,,,,,x,
2533,附魔金苹果,附魔金苹果,,0,,超级厉害的苹果，暂时不推出。,apple_golden,,,,,200,64,1,5,,,,,,,缺特效
2540,长面包,长面包,2,1,,食用后在6秒内恢复3颗生命心，在30秒内恢复7.5颗生命心。,icon2540,1,,,,200,64,1,5,,,,,,x,
2541,烤薯条,烤薯条,2,1,,食用后在6秒内恢复3颗生命心，在180秒内减少20%受到的掉落伤害。,icon2541,,,,,200,64,1,5,,,,,,x,
2542,蔬菜煲,蔬菜煲,2,1,,食用后在6秒内恢复3颗生命心，在180秒内减少20%受到的毒素伤害。,icon2542,,,,,200,64,1,5,,,,,,x,
2543,烤鸡,烤鸡,2,1,,食用后恢复3颗生命心，在180秒内提高20%移动速度。,chicken_cooked,,,,,200,64,1,5,,,,,,x,
2544,牛肉汉堡,牛肉汉堡,2,1,,食用后恢复4颗生命心，在180秒内提高20%近战伤害。,icon2544,,,,,200,64,1,5,,,,,,x,
2545,羊肉煲,羊肉煲,2,1,,食用后恢复4颗生命心，在180秒内提高20%远程伤害。,icon2545,,,,,200,64,1,5,,,,,,x,
2546,火腿,火腿,2,1,,食用后恢复4颗生命心，在180秒内提高20%对动物伤害。,icon2546,,,,,200,64,1,5,,,,,,x,
2547,异味火腿,异味火腿,2,1,,食用后恢复4颗生命心，在180秒内提高20%对亡灵伤害。,icon2547,,,,,200,64,1,5,,,,,,x,
2548,蛛眼火腿,蛛眼火腿,2,1,,食用后恢复4颗生命心，在180秒内提高20%对玩家伤害。,icon2548,,,,,200,64,1,5,,,,,,x,
2549,浓缩牛奶糖,浓缩牛奶糖,2,1,,食用后随机清除1个有害状态。,icon2549,,,,,200,64,1,5,,,,,,x,
2550,香溢面包,香溢面包,2,1,,食用后在6秒内恢复3颗生命心，在15秒内恢复7.5颗生命心。,icon2550,,,,,200,64,1,5,,,,,,x,
2551,香溢薯条,香溢薯条,2,1,,食用后在6秒内恢复3颗生命心，在60秒内减少40%受到的掉落伤害。,icon2551,,,,,200,64,1,5,,,,,,x,
2552,香溢南瓜派,香溢南瓜派,2,1,,食用后在6秒内恢复3颗生命心，在60秒内减少40%受到的爆炸伤害。,icon2552,,,,,200,64,1,5,,,,,,x,
2553,香溢曲奇,香溢曲奇,2,1,,食用后在6秒内恢复3颗生命心，在60秒内提高40%挖掘速度。,icon2553,,,,,200,64,1,5,,,,,,x,
2554,香溢蔬菜煲,香溢蔬菜煲,2,1,,食用后在6秒内恢复3颗生命心，在60秒内减少40%受到的毒素伤害。,icon2554,,,,,200,64,1,5,,,,,,x,
2555,香溢胡萝卜,香溢胡萝卜,2,1,,食用后恢复3颗生命心，在60秒内减少40%受到的远程伤害。,icon2555,,,,,200,64,1,5,,,,,,x,
2556,香溢西瓜,香溢西瓜,2,1,,食用后恢复4颗生命心，在60秒内减少40%受到的火焰伤害。,icon2556,,,,,200,64,1,5,,,,,,x,
2557,香溢苹果,香溢苹果,2,1,,食用后恢复3颗生命心，在60秒内减少40%受到的近战伤害。,icon2557,,,,,200,64,1,5,,,,,,x,
2558,香溢烤鸡,香溢烤鸡,2,1,,食用后恢复3颗生命心，在60秒内提高40%移动速度。,icon2558,,,,,200,64,1,5,,,,,,x,
2559,香溢牛堡,香溢牛堡,2,1,,食用后恢复4颗生命心，在60秒内提高40%近战伤害。,icon2559,,,,,200,64,1,5,,,,,,x,
2560,香溢羊煲,香溢羊煲,2,1,,食用后恢复4颗生命心，在60秒内提高40%远程伤害。,icon2560,,,,,200,64,1,5,,,,,,x,
2561,香溢火腿,香溢火腿,2,1,,食用后恢复4颗生命心，在60秒内提高40%对动物伤害。,icon2561,,,,,200,64,1,5,,,,,,x,
2562,香溢异味腿,香溢异味腿,2,1,,食用后恢复4颗生命心，在60秒内提高40%对亡灵伤害。,icon2562,,,,,200,64,1,5,,,,,,x,
2563,香溢蛛眼腿,香溢蛛眼腿,2,1,,食用后恢复4颗生命心，在60秒内提高40%对玩家伤害。,icon2563,,,,,200,64,1,5,,,,,,x,
2700,附魔之瓶,附魔之瓶,2,0,,魔法水瓶,experience_bottle,,,,,200,64,1,5,,,,,,,使用卡机
2701,水瓶,水瓶,2,0,,可以用来装水,potion_bottle_empty,,,,,200,64,1,5,,,,,,x,
2702,粗制药水,粗制药水,2,0,,暂时不知道有什么用,,,,,,200,64,1,5,,,,,,x,
2703,浑浊的药水,浑浊的药水,2,0,,暂时不知道有什么用,,,,,,200,64,1,5,,,,,,x,
2704,平凡的药水,平凡的药水,2,0,,暂时不知道有什么用,potion_bottle_drinkable,,,,,200,64,1,5,,,,,,x,缺平凡药水延长版
2705,再生药水,再生药水,2,0,,暂时不知道有什么用,,,,,,200,64,1,5,,,,,,x,
2706,迅捷药水,迅捷药水,2,0,,暂时不知道有什么用,,,,,,200,64,1,5,,,,,,x,
2707,抗火药水,抗火药水,2,0,,暂时不知道有什么用,,,,,,200,64,1,5,,,,,,x,
2708,剧毒药水,剧毒药水,2,0,,暂时不知道有什么用,,,,,,200,64,1,5,,,,,,x,
2709,治疗药水,治疗药水,2,0,,暂时不知道有什么用,,,,,,200,64,1,5,,,,,,x,
2710,夜视药水,夜视药水,2,0,,暂时不知道有什么用,,,,,,200,64,1,5,,,,,,x,
2711,虚弱药水,虚弱药水,2,0,,暂时不知道有什么用,,,,,,200,64,1,5,,,,,,x,
2712,力量药水,力量药水,2,0,,暂时不知道有什么用,,,,,,200,64,1,5,,,,,,x,
2713,迟缓药水,迟缓药水,2,0,,暂时不知道有什么用,,,,,,200,64,1,5,,,,,,x,
2714,跳跃药水,跳跃药水,2,0,,暂时不知道有什么用,,,,,,200,64,1,5,,,,,,x,
2715,伤害药水,伤害药水,2,0,,暂时不知道有什么用,,,,,,200,64,1,5,,,,,,x,
2716,水肺药水,水肺药水,2,0,,暂时不知道有什么用,,,,,,200,64,1,5,,,,,,x,
2717,隐身药水,隐身药水,2,0,,暂时不知道有什么用,,,,,,200,64,1,5,,,,,,x,
2718,长效再生药水,长效再生药水,2,0,,暂时不知道有什么用,,,,,,200,64,1,5,,,,,,x,
2719,长效迅捷药水,长效迅捷药水,2,0,,暂时不知道有什么用,,,,,,200,64,1,5,,,,,,x,
2720,长效抗火药水,长效抗火药水,2,0,,暂时不知道有什么用,,,,,,200,64,1,5,,,,,,x,
2721,长效剧毒药水,长效剧毒药水,2,0,,暂时不知道有什么用,,,,,,200,64,1,5,,,,,,x,
2722,长效治疗药水,长效治疗药水,2,0,,暂时不知道有什么用,,,,,,200,64,1,5,,,,,,x,
2723,长效夜视药水,长效夜视药水,2,0,,暂时不知道有什么用,,,,,,200,64,1,5,,,,,,x,
2724,长效虚弱药水,长效虚弱药水,2,0,,暂时不知道有什么用,,,,,,200,64,1,5,,,,,,x,
2725,长效力量药水,长效力量药水,2,0,,暂时不知道有什么用,,,,,,200,64,1,5,,,,,,x,
2726,长效迟缓药水,长效迟缓药水,2,0,,暂时不知道有什么用,,,,,,200,64,1,5,,,,,,x,
2727,长效跳跃药水,长效跳跃药水,2,0,,暂时不知道有什么用,,,,,,200,64,1,5,,,,,,x,
2728,长效伤害药水,长效伤害药水,2,0,,暂时不知道有什么用,,,,,,200,64,1,5,,,,,,x,
2729,长效水肺药水,长效水肺药水,2,0,,暂时不知道有什么用,,,,,,200,64,1,5,,,,,,x,
2730,长效隐身药水,长效隐身药水,2,0,,暂时不知道有什么用,,,,,,200,64,1,5,,,,,,x,
2731,再生药水II,再生药水II,2,0,,暂时不知道有什么用,,,,,,200,64,1,5,,,,,,x,
2732,迅捷药水II,迅捷药水II,2,0,,暂时不知道有什么用,,,,,,200,64,1,5,,,,,,x,
2733,抗火药水II,抗火药水II,2,0,,暂时不知道有什么用,,,,,,200,64,1,5,,,,,,x,
2734,剧毒药水II,剧毒药水II,2,0,,暂时不知道有什么用,,,,,,200,64,1,5,,,,,,x,
2735,治疗药水II,治疗药水II,2,0,,暂时不知道有什么用,,,,,,200,64,1,5,,,,,,x,
2736,夜视药水II,夜视药水II,2,0,,暂时不知道有什么用,,,,,,200,64,1,5,,,,,,x,
2737,虚弱药水II,虚弱药水II,2,0,,暂时不知道有什么用,,,,,,200,64,1,5,,,,,,x,
2738,力量药水II,力量药水II,2,0,,暂时不知道有什么用,,,,,,200,64,1,5,,,,,,x,
2739,迟缓药水II,迟缓药水II,2,0,,暂时不知道有什么用,,,,,,200,64,1,5,,,,,,x,
2740,跳跃药水II,跳跃药水II,2,0,,暂时不知道有什么用,,,,,,200,64,1,5,,,,,,x,
2741,伤害药水II,伤害药水II,2,0,,暂时不知道有什么用,,,,,,200,64,1,5,,,,,,x,
2742,水肺药水II,水肺药水II,2,0,,暂时不知道有什么用,,,,,,200,64,1,5,,,,,,x,
2743,隐身药水II,隐身药水II,2,0,,暂时不知道有什么用,,,,,,200,64,1,5,,,,,,x,
2744,平凡喷溅药水,平凡喷溅药水,2,0,,暂时不知道有什么用,potion_bottle_splash,,,,,200,64,1,5,,,,,,,
2745,再生喷溅药水,再生喷溅药水,2,0,,暂时不知道有什么用,,,,,,200,64,1,5,,,,,,x,
2746,迅捷喷溅药水,迅捷喷溅药水,2,0,,暂时不知道有什么用,,,,,,200,64,1,5,,,,,,x,
2747,抗火喷溅药水,抗火喷溅药水,2,0,,暂时不知道有什么用,,,,,,200,64,1,5,,,,,,x,
2748,剧毒喷溅药水,剧毒喷溅药水,2,0,,暂时不知道有什么用,,,,,,200,64,1,5,,,,,,x,
2749,治疗喷溅药水,治疗喷溅药水,2,0,,暂时不知道有什么用,,,,,,200,64,1,5,,,,,,x,
2750,夜视喷溅药水,夜视喷溅药水,2,0,,暂时不知道有什么用,,,,,,200,64,1,5,,,,,,x,
2751,虚弱喷溅药水,虚弱喷溅药水,2,0,,暂时不知道有什么用,,,,,,200,64,1,5,,,,,,x,
2752,力量喷溅药水,力量喷溅药水,2,0,,暂时不知道有什么用,,,,,,200,64,1,5,,,,,,x,
2753,迟缓喷溅药水,迟缓喷溅药水,2,0,,暂时不知道有什么用,,,,,,200,64,1,5,,,,,,x,
2754,跳跃喷溅药水,跳跃喷溅药水,2,0,,暂时不知道有什么用,,,,,,200,64,1,5,,,,,,x,
2755,伤害喷溅药水,伤害喷溅药水,2,0,,暂时不知道有什么用,,,,,,200,64,1,5,,,,,,x,
2756,水肺喷溅药水,水肺喷溅药水,2,0,,暂时不知道有什么用,,,,,,200,64,1,5,,,,,,x,
2757,隐身喷溅药水,隐身喷溅药水,2,0,,暂时不知道有什么用,,,,,,200,64,1,5,,,,,,x,
2758,长效再生喷溅药水,长效再生喷溅药水,2,0,,暂时不知道有什么用,,,,,,200,64,1,5,,,,,,x,
2759,长效迅捷喷溅药水,长效迅捷喷溅药水,2,0,,暂时不知道有什么用,,,,,,200,64,1,5,,,,,,x,
2760,长效抗火喷溅药水,长效抗火喷溅药水,2,0,,暂时不知道有什么用,,,,,,200,64,1,5,,,,,,x,
2761,长效剧毒喷溅药水,长效剧毒喷溅药水,2,0,,暂时不知道有什么用,,,,,,200,64,1,5,,,,,,x,
2762,长效治疗喷溅药水,长效治疗喷溅药水,2,0,,暂时不知道有什么用,,,,,,200,64,1,5,,,,,,x,
2763,长效夜视喷溅药水,长效夜视喷溅药水,2,0,,暂时不知道有什么用,,,,,,200,64,1,5,,,,,,x,
2764,长效虚弱喷溅药水,长效虚弱喷溅药水,2,0,,暂时不知道有什么用,,,,,,200,64,1,5,,,,,,x,
2765,长效力量喷溅药水,长效力量喷溅药水,2,0,,暂时不知道有什么用,,,,,,200,64,1,5,,,,,,x,
2766,长效迟缓喷溅药水,长效迟缓喷溅药水,2,0,,暂时不知道有什么用,,,,,,200,64,1,5,,,,,,x,
2767,长效跳跃喷溅药水,长效跳跃喷溅药水,2,0,,暂时不知道有什么用,,,,,,200,64,1,5,,,,,,x,
2768,长效伤害喷溅药水,长效伤害喷溅药水,2,0,,暂时不知道有什么用,,,,,,200,64,1,5,,,,,,x,
2769,长效水肺喷溅药水,长效水肺喷溅药水,2,0,,暂时不知道有什么用,,,,,,200,64,1,5,,,,,,x,
2770,长效隐身喷溅药水,长效隐身喷溅药水,2,0,,暂时不知道有什么用,,,,,,200,64,1,5,,,,,,x,
2771,长效平凡喷溅药水,长效平凡喷溅药水,2,0,,暂时不知道有什么用,,,,,,200,64,1,5,,,,,,x,
2772,再生喷溅药水II,再生喷溅药水II,2,0,,暂时不知道有什么用,,,,,,200,64,1,5,,,,,,x,
2773,迅捷喷溅药水II,迅捷喷溅药水II,2,0,,暂时不知道有什么用,,,,,,200,64,1,5,,,,,,x,
2774,抗火喷溅药水II,抗火喷溅药水II,2,0,,暂时不知道有什么用,,,,,,200,64,1,5,,,,,,x,
2775,剧毒喷溅药水II,剧毒喷溅药水II,2,0,,暂时不知道有什么用,,,,,,200,64,1,5,,,,,,x,
2776,治疗喷溅药水II,治疗喷溅药水II,2,0,,暂时不知道有什么用,,,,,,200,64,1,5,,,,,,x,
2777,夜视喷溅药水II,夜视喷溅药水II,2,0,,暂时不知道有什么用,,,,,,200,64,1,5,,,,,,x,
2778,虚弱喷溅药水II,虚弱喷溅药水II,2,0,,暂时不知道有什么用,,,,,,200,64,1,5,,,,,,x,
2779,力量喷溅药水II,力量喷溅药水II,2,0,,暂时不知道有什么用,,,,,,200,64,1,5,,,,,,x,
2780,迟缓喷溅药水II,迟缓喷溅药水II,2,0,,暂时不知道有什么用,,,,,,200,64,1,5,,,,,,x,
2781,跳跃喷溅药水II,跳跃喷溅药水II,2,0,,暂时不知道有什么用,,,,,,200,64,1,5,,,,,,x,
2782,伤害喷溅药水II,伤害喷溅药水II,2,0,,暂时不知道有什么用,,,,,,200,64,1,5,,,,,,x,
2783,水肺喷溅药水II,水肺喷溅药水II,2,0,,暂时不知道有什么用,,,,,,200,64,1,5,,,,,,x,
2784,隐身喷溅药水II,隐身喷溅药水II,2,0,,暂时不知道有什么用,,,,,,200,64,1,5,,,,,,x,
2800,附魔配方-人类猎手,,2,0,,解锁一种附魔。,icon003,,,,,200,1,1,5,,,,,,,使用后解锁对应的附魔。
2801,附魔配方-击飞,,2,0,,解锁一种附魔。,icon004,,,,,200,1,1,5,,,,,,,使用后解锁对应的附魔。
2802,附魔配方-多重攻击,,2,0,,解锁一种附魔。,icon005,,,,,200,1,1,5,,,,,,,使用后解锁对应的附魔。
2803,附魔配方-吸血,,2,0,,解锁一种附魔。,icon006,,,,,200,1,1,5,,,,,,,使用后解锁对应的附魔。
2804,附魔配方-退击防御,,2,0,,解锁一种附魔。,icon007,,,,,200,1,1,5,,,,,,,使用后解锁对应的附魔。
2805,附魔配方-虚弱,,2,0,,解锁一种附魔。,icon008,,,,,200,1,1,5,,,,,,,使用后解锁对应的附魔。
2806,附魔配方-远程吸血,,2,0,,解锁一种附魔。,icon009,,,,,200,1,1,5,,,,,,,使用后解锁对应的附魔。
2807,附魔配方-冷冻,,2,0,,解锁一种附魔。,icon010,,,,,200,1,1,5,,,,,,,使用后解锁对应的附魔。
2900,礼包,礼包,2,0,,大家都想要的礼包,,,,,,200,1,1,5,,,,,,x,
3001,铁匠,铁匠,5,0,,友善的村民,icon3001,,,,,200,1,1,5,,,,,,,
3002,农民,农民,5,0,,友善的村民,,,,,,200,1,1,5,,,,,,x,
3003,图书管理员,图书管理员,5,0,,友善的村民,icon3003,,,,,200,1,1,5,,,,,,,
3004,牧师,牧师,5,0,,友善的村民,icon3004,,,,,200,1,1,5,,,,,,,
3005,屠夫,屠夫,5,0,,友善的村民,icon3005,,,,,200,1,1,5,,,,,,,
3006,村民,村民,5,0,,友善的村民,icon3006,,,,,200,1,1,5,,,,,,,
3007,村民萝莉,村民萝莉,5,0,,友善的村民,icon3007,,,,,200,1,1,5,,,,,,,
3008,村民小孩,村民小孩,5,0,,友善的村民,icon3008,,,,,200,1,1,5,,,,,,,
3101,僵尸,僵尸,5,2,5,怪物,icon3101,,,,,200,1,1,5,,,,,,,
3102,小僵尸,小僵尸,5,2,5,怪物,icon3102,,,,,200,1,1,5,,,,,,,
3105,骷髅,骷髅,5,2,5,怪物，远程攻击,icon3105,,,,,200,1,1,5,,,,,,,
3107,蜘蛛,蜘蛛,5,2,5,怪物,icon3107,,,,,200,1,1,5,,,,,,,
3108,洞穴蜘蛛,洞穴蜘蛛,5,0,,怪物，有毒,icon3108,,,,,200,1,1,5,,,,,,,
3109,爬行者,爬行者,5,2,5,怪物，会爆炸,icon3109,,,,,200,1,1,5,,,,,,,
3117,史莱姆,史莱姆,5,0,,怪物,icon3117,,,,,200,1,1,5,,,,,,,
3400,鸡,鸡,5,2,5,动物,icon3400,,,,,200,1,1,5,,,,,,,
3401,牛,牛,5,2,5,动物,icon3401,,,,,200,1,1,5,,,,,,,
3402,猪,猪,5,2,5,动物,icon3402,,,,,200,1,1,5,,,,,,,
3403,羊,羊,5,2,5,动物,icon3403,,,,,200,1,1,5,,,,,,,
3404,马,马,5,2,5,动物,icon3404,,,,,200,1,1,5,,,,,,,
3407,狼,狼,5,2,5,动物,icon3407,,,,,200,1,1,5,,,,,,,
3408,狗,狗,5,0,,动物,icon3408,,,,,200,1,1,5,,,,,,,
3501,末影人,末影人,5,2,5,怪物，会传送,icon3501,,,,,200,1,1,5,,,,,,,
3502,末影龙,末影龙,5,0,,大怪物，快跑,icon3502,,,,,200,1,1,5,,,,,,,
3800,矿车,矿车,5,2,3,可以乘坐，需要铁轨路线,minecart_normal,,,,,200,1,1,5,,Minecart_OnUse,,,,,左击会卡机，当手里有功能性物品时右击应优先坐进去
3802,运输矿车,运输矿车,5,0,,可以运输物资,minecart_chest,,,,,200,1,1,5,,,,,,,
3804,tnt矿车,tnt矿车,5,0,,危险的矿车,minecart_tnt,,,,,200,1,1,5,,,,,,,
3807,木船,木船,5,0,,放在水上航行,boat,,,,,200,1,1,5,,,,,,,功能缺失
4000,成就测试图标,成就测试图标,2,0,,,blaze_powder,,,,,200,1,1,5,,,,,,,
